email,company,frequency,spider,revenue
james@infinitehorizons.com,Infinite Horizons,Weekly Twice,4487,47670
amelia@fusionenterprises.com,Fusion Enterprises,One Time,4301,526
jackson@apexsolutions.com,Apex Solutions,Monthly Twice,4208,47670
abigail@skyboundventures.com,Skybound Ventures,Quaterly,4352,47670
aria@brightfutureenterprises.com,Bright Future Enterprises,Every Two Month,4302,58230
evelyn@cascadedynamics.com,Cascade Dynamics,Yearly,4346,32450
sophia@zenithenterprises.com,Zenith Enterprises,Daily,4175,526
zoey@cascadedynamics.com,Cascade Dynamics,Monthly,4201,63510
mason@bluewavetechnologies.com,Blue Wave Technologies,Daily,4356,39840
abigail@alphaomegaco..com,Alpha Omega Co.,Daily,4338,526
oliver@bluewavetechnologies.com,Blue Wave Technologies,One Time,4051,94260
lucas@summitinnovations.com,Summit Innovations,One Time,4144,32450
grace@globaledgesolutions.com,Global Edge Solutions,Daily,4224,39840
lucas@alphaomegaco..com,Alpha Omega Co.,Half Yearly,4473,47670
lily@cascadedynamics.com,Cascade Dynamics,Weekly Twice,4320,89450
chloe@quantumtech.com,Quantum Tech,Yearly,4414,74320
noah@vertexinnovations.com,Vertex Innovations,Every Two Month,4171,47670
evelyn@alphaomegaco..com,Alpha Omega Co.,Monthly Twice,4497,47670
mia@stellarnetworks.com,Stellar Networks,Weekly Twice,4421,67890
benjamin@stellarnetworks.com,Stellar Networks,One Time,4091,21900
abigail@omnitechindustries.com,OmniTech Industries,Every Two Month,4275,67890
olivia@horizondynamics.com,Horizon Dynamics,Half Yearly,4126,45120
isabella@infinitehorizons.com,Infinite Horizons,Monthly Twice,4223,526
amelia@fusionenterprises.com,Fusion Enterprises,Weekly Twice,4337,58230
aria@brightfutureenterprises.com,Bright Future Enterprises,Monthly,4355,52780
michael@globaledgesolutions.com,Global Edge Solutions,Weekly Twice,4028,52780
aria@nexusindustries.com,Nexus Industries,Weekly Twice,4417,39840
jackson@pinnaclesystems.com,Pinnacle Systems,Half Yearly,4090,47670
jacob@pinnaclesystems.com,Pinnacle Systems,Weekly Thrice,4273,89450
evelyn@velocityventures.com,Velocity Ventures,Monthly Twice,4313,526
noah@nextgensolutions.com,NextGen Solutions,Quaterly,4010,52780
ella@omnitechindustries.com,OmniTech Industries,Weekly Thrice,4484,67890
isabella@radiantventures.com,Radiant Ventures,Weekly Thrice,4316,32450
daniel@horizondynamics.com,Horizon Dynamics,Quaterly,4234,58230
charlotte@stratosphereenterprises.com,Stratosphere Enterprises,Yearly,4341,89450
daniel@horizondynamics.com,Horizon Dynamics,Every Two Month,4241,45120
emma@fusionenterprises.com,Fusion Enterprises,Quaterly,4107,21900
scarlett@pinnaclesystems.com,Pinnacle Systems,Every Two Month,4490,21900
mason@velocityventures.com,Velocity Ventures,One Time,4459,32450
isabella@omnitechindustries.com,OmniTech Industries,Yearly,4211,74320
chloe@radiantventures.com,Radiant Ventures,Every Two Month,4165,89450
zoey@pinnaclesystems.com,Pinnacle Systems,One Time,4467,67890
sophia@visionaryventures.com,Visionary Ventures,Monthly Twice,4053,39840
alexander@stratosphereenterprises.com,Stratosphere Enterprises,Weekly Thrice,4058,526
zoey@apexsolutions.com,Apex Solutions,Daily,4071,52780
lily@solarflaretech.com,SolarFlare Tech,Monthly,4069,526
daniel@cascadedynamics.com,Cascade Dynamics,One Time,4353,45120
lucas@omnitechindustries.com,OmniTech Industries,Half Yearly,4162,67890
elijah@infinitehorizons.com,Infinite Horizons,Daily,4123,39840
lily@zenithenterprises.com,Zenith Enterprises,One Time,4298,45120
isabella@horizondynamics.com,Horizon Dynamics,Yearly,4427,52780
abigail@visionaryventures.com,Visionary Ventures,Monthly Twice,4128,39840
ella@summitinnovations.com,Summit Innovations,Quaterly,4180,58230
ava@cascadedynamics.com,Cascade Dynamics,Monthly Twice,4410,58230
grace@solarflaretech.com,SolarFlare Tech,Monthly,4415,58230
olivia@brightfutureenterprises.com,Bright Future Enterprises,Weekly Twice,4379,89450
william@velocityventures.com,Velocity Ventures,One Time,4267,94260
benjamin@bluewavetechnologies.com,Blue Wave Technologies,Weekly Thrice,4374,526
mia@fusionenterprises.com,Fusion Enterprises,One Time,4293,32450
james@titancorp.com,Titan Corp,Monthly Twice,4228,45120
grace@radiantventures.com,Radiant Ventures,Monthly Twice,4184,52780
isabella@zenithenterprises.com,Zenith Enterprises,Daily,4446,39840
benjamin@omnitechindustries.com,OmniTech Industries,Weekly Thrice,4055,52780
olivia@vertexinnovations.com,Vertex Innovations,One Time,4006,21900
chloe@titancorp.com,Titan Corp,Monthly,4449,58230
aria@velocityventures.com,Velocity Ventures,Yearly,4336,63510
jackson@summitinnovations.com,Summit Innovations,Every Two Month,4046,94260
james@apexsolutions.com,Apex Solutions,Every Two Month,4032,94260
alexander@cascadedynamics.com,Cascade Dynamics,Quaterly,4142,89450
amelia@nexusindustries.com,Nexus Industries,Yearly,4157,39840
isabella@nextgensolutions.com,NextGen Solutions,Monthly Twice,4401,67890
matthew@omnitechindustries.com,OmniTech Industries,Half Yearly,4395,32450
mason@radiantventures.com,Radiant Ventures,Monthly,4416,67890
elijah@zenithenterprises.com,Zenith Enterprises,Monthly Twice,4243,63510
lily@brightfutureenterprises.com,Bright Future Enterprises,Weekly Thrice,4093,39840
lucas@vertexinnovations.com,Vertex Innovations,Quaterly,4227,63510
michael@summitinnovations.com,Summit Innovations,Weekly Thrice,4048,45120
evelyn@nexusindustries.com,Nexus Industries,Weekly Thrice,4056,21900
jackson@apexsolutions.com,Apex Solutions,Yearly,4043,67890
aria@bluewavetechnologies.com,Blue Wave Technologies,Weekly Thrice,4136,67890
jackson@stellarnetworks.com,Stellar Networks,Monthly,4458,47670
elijah@omnitechindustries.com,OmniTech Industries,Weekly Twice,4156,526
daniel@pinnaclesystems.com,Pinnacle Systems,Yearly,4215,74320
zoey@vertexinnovations.com,Vertex Innovations,Every Two Month,4197,63510
scarlett@stratosphereenterprises.com,Stratosphere Enterprises,Weekly Thrice,4020,94260
mia@radiantventures.com,Radiant Ventures,Quaterly,4146,67890
aria@titancorp.com,Titan Corp,Monthly Twice,4237,47670
henry@globaledgesolutions.com,Global Edge Solutions,One Time,4168,526
henry@skyboundventures.com,Skybound Ventures,Weekly Twice,4499,58230
alexander@radiantventures.com,Radiant Ventures,Daily,4413,47670
evelyn@cascadedynamics.com,Cascade Dynamics,Monthly,4151,94260
ava@stratosphereenterprises.com,Stratosphere Enterprises,Monthly,4063,58230
daniel@radiantventures.com,Radiant Ventures,Weekly Twice,4202,21900
scarlett@omnitechindustries.com,OmniTech Industries,Monthly Twice,4340,89450
chloe@alphaomegaco..com,Alpha Omega Co.,Yearly,4013,89450
michael@alphaomegaco..com,Alpha Omega Co.,Half Yearly,4259,526
isabella@fusionenterprises.com,Fusion Enterprises,Weekly Thrice,4065,47670
grace@solarflaretech.com,SolarFlare Tech,Monthly Twice,4412,89450
liam@nextgensolutions.com,NextGen Solutions,Monthly,4106,526
olivia@bluewavetechnologies.com,Blue Wave Technologies,Quaterly,4232,89450
zoey@titancorp.com,Titan Corp,Quaterly,4407,39840
noah@apexsolutions.com,Apex Solutions,Daily,4141,94260
emma@nextgensolutions.com,NextGen Solutions,Weekly Twice,4034,94260
daniel@stratosphereenterprises.com,Stratosphere Enterprises,Weekly Twice,4245,74320
daniel@visionaryventures.com,Visionary Ventures,Monthly,4076,74320
sophia@brightfutureenterprises.com,Bright Future Enterprises,One Time,4370,94260
jackson@solarflaretech.com,SolarFlare Tech,Every Two Month,4118,63510
oliver@alphaomegaco..com,Alpha Omega Co.,Monthly,4332,67890
harper@vertexinnovations.com,Vertex Innovations,Monthly,4310,39840
isabella@bluewavetechnologies.com,Blue Wave Technologies,Weekly Twice,4125,74320
matthew@stellarnetworks.com,Stellar Networks,Every Two Month,4394,32450
aiden@apexsolutions.com,Apex Solutions,Every Two Month,4335,47670
michael@nexusindustries.com,Nexus Industries,Monthly Twice,4188,32450
sebastian@cascadedynamics.com,Cascade Dynamics,Half Yearly,4082,39840
hannah@infinitehorizons.com,Infinite Horizons,Every Two Month,4389,58230
lily@stellarnetworks.com,Stellar Networks,Quaterly,4318,45120
zoey@solarflaretech.com,SolarFlare Tech,Weekly Twice,4322,526
jacob@horizondynamics.com,Horizon Dynamics,Monthly,4464,47670
evelyn@brightfutureenterprises.com,Bright Future Enterprises,Weekly Twice,4262,67890
noah@skyboundventures.com,Skybound Ventures,Weekly Thrice,4088,21900
isabella@stratosphereenterprises.com,Stratosphere Enterprises,Every Two Month,4249,32450
ella@globaledgesolutions.com,Global Edge Solutions,Monthly Twice,4002,526
benjamin@zenithenterprises.com,Zenith Enterprises,Weekly Thrice,4442,32450
hannah@brightfutureenterprises.com,Bright Future Enterprises,One Time,4177,52780
charlotte@horizondynamics.com,Horizon Dynamics,Every Two Month,4443,39840
lucas@bluewavetechnologies.com,Blue Wave Technologies,Weekly Thrice,4331,58230
elijah@pinnaclesystems.com,Pinnacle Systems,Monthly Twice,4361,58230
evelyn@vertexinnovations.com,Vertex Innovations,Monthly Twice,4158,94260
lucas@brightfutureenterprises.com,Bright Future Enterprises,Monthly,4472,74320
grace@nexusindustries.com,Nexus Industries,Yearly,4359,67890
olivia@alphaomegaco..com,Alpha Omega Co.,One Time,4190,45120
jacob@zenithenterprises.com,Zenith Enterprises,Weekly Twice,4465,21900
jacob@stellarnetworks.com,Stellar Networks,Weekly Thrice,4189,63510
sebastian@brightfutureenterprises.com,Bright Future Enterprises,Yearly,4094,52780
emma@radiantventures.com,Radiant Ventures,Every Two Month,4434,39840
sophia@velocityventures.com,Velocity Ventures,Half Yearly,4284,45120
mia@vertexinnovations.com,Vertex Innovations,Weekly Thrice,4261,94260
oliver@cascadedynamics.com,Cascade Dynamics,Monthly Twice,4297,47670
abigail@vertexinnovations.com,Vertex Innovations,Monthly Twice,4099,45120
emma@omnitechindustries.com,OmniTech Industries,Weekly Twice,4468,39840
daniel@stratosphereenterprises.com,Stratosphere Enterprises,Yearly,4305,94260
mia@fusionenterprises.com,Fusion Enterprises,Monthly,4001,94260
mia@globaledgesolutions.com,Global Edge Solutions,Monthly,4371,89450
harper@brightfutureenterprises.com,Bright Future Enterprises,Daily,4101,39840
chloe@stratosphereenterprises.com,Stratosphere Enterprises,Quaterly,4491,32450
ella@solarflaretech.com,SolarFlare Tech,Weekly Thrice,4037,21900
lily@globaledgesolutions.com,Global Edge Solutions,Yearly,4129,45120
daniel@cascadedynamics.com,Cascade Dynamics,Quaterly,4061,45120
henry@velocityventures.com,Velocity Ventures,Weekly Twice,4453,58230
aiden@stellarnetworks.com,Stellar Networks,Monthly Twice,4035,32450
sebastian@alphaomegaco..com,Alpha Omega Co.,Monthly,4163,63510
charlotte@pinnaclesystems.com,Pinnacle Systems,Monthly Twice,4452,67890
elijah@bluewavetechnologies.com,Blue Wave Technologies,Weekly Twice,4403,67890
harper@nextgensolutions.com,NextGen Solutions,Daily,4212,47670
sebastian@stratosphereenterprises.com,Stratosphere Enterprises,Monthly,4077,39840
charlotte@brightfutureenterprises.com,Bright Future Enterprises,Yearly,4086,526
aria@apexsolutions.com,Apex Solutions,Weekly Twice,4007,47670
aiden@omnitechindustries.com,OmniTech Industries,Daily,4440,89450
benjamin@solarflaretech.com,SolarFlare Tech,Quaterly,4036,63510
amelia@omnitechindustries.com,OmniTech Industries,Quaterly,4235,67890
aiden@titancorp.com,Titan Corp,Monthly,4256,45120
matthew@solarflaretech.com,SolarFlare Tech,Weekly Thrice,4480,21900
harper@velocityventures.com,Velocity Ventures,Half Yearly,4276,89450
lucas@fusionenterprises.com,Fusion Enterprises,One Time,4022,89450
benjamin@brightfutureenterprises.com,Bright Future Enterprises,Daily,4422,94260
aiden@horizondynamics.com,Horizon Dynamics,Weekly Twice,4285,63510
ava@vertexinnovations.com,Vertex Innovations,Monthly,4375,67890
emma@nexusindustries.com,Nexus Industries,Quaterly,4127,32450
james@skyboundventures.com,Skybound Ventures,Monthly Twice,4218,94260
mason@titancorp.com,Titan Corp,Monthly,4289,47670
ava@pinnaclesystems.com,Pinnacle Systems,Weekly Thrice,4186,52780
sophia@stellarnetworks.com,Stellar Networks,Quaterly,4244,526
matthew@vertexinnovations.com,Vertex Innovations,Yearly,4207,45120
jackson@cascadedynamics.com,Cascade Dynamics,Daily,4008,74320
oliver@omnitechindustries.com,OmniTech Industries,Monthly Twice,4408,39840
jackson@vertexinnovations.com,Vertex Innovations,Half Yearly,4317,47670
mia@infinitehorizons.com,Infinite Horizons,Monthly Twice,4031,89450
abigail@pinnaclesystems.com,Pinnacle Systems,Every Two Month,4217,94260
aiden@solarflaretech.com,SolarFlare Tech,One Time,4399,67890
jacob@titancorp.com,Titan Corp,Monthly Twice,4447,526
alexander@vertexinnovations.com,Vertex Innovations,Quaterly,4140,47670
evelyn@globaledgesolutions.com,Global Edge Solutions,One Time,4489,94260
william@visionaryventures.com,Visionary Ventures,Half Yearly,4120,63510
olivia@visionaryventures.com,Visionary Ventures,Weekly Thrice,4254,39840
sebastian@infinitehorizons.com,Infinite Horizons,One Time,4096,45120
evelyn@bluewavetechnologies.com,Blue Wave Technologies,Monthly,4308,45120
benjamin@apexsolutions.com,Apex Solutions,Quaterly,4219,52780
lucas@pinnaclesystems.com,Pinnacle Systems,Quaterly,4451,52780
isabella@bluewavetechnologies.com,Blue Wave Technologies,Half Yearly,4270,89450
alexander@brightfutureenterprises.com,Bright Future Enterprises,One Time,4306,21900
jackson@cascadedynamics.com,Cascade Dynamics,One Time,4319,45120
charlotte@velocityventures.com,Velocity Ventures,Half Yearly,4239,47670
elijah@zenithenterprises.com,Zenith Enterprises,Quaterly,4441,45120
emma@infinitehorizons.com,Infinite Horizons,Quaterly,4011,32450
elijah@globaledgesolutions.com,Global Edge Solutions,One Time,4383,74320
chloe@radiantventures.com,Radiant Ventures,Every Two Month,4294,67890
liam@titancorp.com,Titan Corp,Every Two Month,4033,67890
michael@visionaryventures.com,Visionary Ventures,Quaterly,4474,45120
sophia@quantumtech.com,Quantum Tech,Weekly Thrice,4025,89450
lily@visionaryventures.com,Visionary Ventures,Weekly Thrice,4109,74320
mason@alphaomegaco..com,Alpha Omega Co.,Yearly,4460,21900
noah@summitinnovations.com,Summit Innovations,Quaterly,4039,63510
mason@horizondynamics.com,Horizon Dynamics,Half Yearly,4012,47670
alexander@horizondynamics.com,Horizon Dynamics,Monthly,4498,74320
olivia@stellarnetworks.com,Stellar Networks,Weekly Twice,4396,526
lily@infinitehorizons.com,Infinite Horizons,Quaterly,4134,21900
scarlett@radiantventures.com,Radiant Ventures,Every Two Month,4296,526
oliver@titancorp.com,Titan Corp,Quaterly,4248,89450
grace@nextgensolutions.com,NextGen Solutions,Monthly,4131,52780
aiden@alphaomegaco..com,Alpha Omega Co.,Weekly Twice,4030,67890
mia@titancorp.com,Titan Corp,Daily,4150,526
jacob@globaledgesolutions.com,Global Edge Solutions,Weekly Twice,4500,67890
aiden@pinnaclesystems.com,Pinnacle Systems,Monthly Twice,4005,94260
grace@vertexinnovations.com,Vertex Innovations,Every Two Month,4437,63510
amelia@pinnaclesystems.com,Pinnacle Systems,Quaterly,4423,58230
henry@vertexinnovations.com,Vertex Innovations,Yearly,4115,74320
hannah@bluewavetechnologies.com,Blue Wave Technologies,Monthly Twice,4343,94260
lily@pinnaclesystems.com,Pinnacle Systems,Half Yearly,4130,67890
harper@brightfutureenterprises.com,Bright Future Enterprises,Monthly Twice,4419,67890
elijah@radiantventures.com,Radiant Ventures,Weekly Thrice,4377,74320
sebastian@globaledgesolutions.com,Global Edge Solutions,Weekly Twice,4139,52780
aria@stratosphereenterprises.com,Stratosphere Enterprises,One Time,4196,47670
matthew@quantumtech.com,Quantum Tech,Monthly Twice,4486,52780
daniel@omnitechindustries.com,OmniTech Industries,Daily,4258,94260
michael@infinitehorizons.com,Infinite Horizons,One Time,4015,63510
noah@skyboundventures.com,Skybound Ventures,Monthly Twice,4041,89450
elijah@velocityventures.com,Velocity Ventures,Half Yearly,4247,45120
daniel@bluewavetechnologies.com,Blue Wave Technologies,Weekly Thrice,4169,47670
sebastian@apexsolutions.com,Apex Solutions,One Time,4153,45120
abigail@globaledgesolutions.com,Global Edge Solutions,Half Yearly,4494,58230
jacob@velocityventures.com,Velocity Ventures,Daily,4200,39840
oliver@stellarnetworks.com,Stellar Networks,Every Two Month,4147,32450
hannah@summitinnovations.com,Summit Innovations,Quaterly,4253,58230
daniel@stellarnetworks.com,Stellar Networks,Daily,4066,89450
jackson@infinitehorizons.com,Infinite Horizons,Every Two Month,4111,32450
aria@velocityventures.com,Velocity Ventures,Half Yearly,4054,58230
ava@solarflaretech.com,SolarFlare Tech,Quaterly,4092,58230
emma@titancorp.com,Titan Corp,Half Yearly,4085,63510
aria@radiantventures.com,Radiant Ventures,Daily,4488,63510
emma@fusionenterprises.com,Fusion Enterprises,One Time,4081,67890
ella@stratosphereenterprises.com,Stratosphere Enterprises,Weekly Twice,4072,32450
scarlett@nextgensolutions.com,NextGen Solutions,Weekly Twice,4426,67890
aiden@skyboundventures.com,Skybound Ventures,Monthly,4433,94260
hannah@omnitechindustries.com,OmniTech Industries,One Time,4345,45120
jacob@pinnaclesystems.com,Pinnacle Systems,Daily,4478,74320
james@velocityventures.com,Velocity Ventures,One Time,4495,74320
sebastian@alphaomegaco..com,Alpha Omega Co.,Every Two Month,4155,21900
harper@solarflaretech.com,SolarFlare Tech,Weekly Thrice,4078,45120
henry@alphaomegaco..com,Alpha Omega Co.,Weekly Twice,4439,58230
alexander@globaledgesolutions.com,Global Edge Solutions,One Time,4329,63510
ella@zenithenterprises.com,Zenith Enterprises,Yearly,4084,94260
hannah@pinnaclesystems.com,Pinnacle Systems,Weekly Twice,4354,94260
olivia@quantumtech.com,Quantum Tech,Weekly Twice,4339,39840
scarlett@pinnaclesystems.com,Pinnacle Systems,Monthly,4145,74320
benjamin@solarflaretech.com,SolarFlare Tech,One Time,4323,63510
jacob@horizondynamics.com,Horizon Dynamics,Yearly,4161,32450
liam@skyboundventures.com,Skybound Ventures,Every Two Month,4014,63510
chloe@summitinnovations.com,Summit Innovations,Weekly Thrice,4280,63510
lucas@pinnaclesystems.com,Pinnacle Systems,Monthly,4456,89450
charlotte@alphaomegaco..com,Alpha Omega Co.,Weekly Thrice,4119,63510
oliver@titancorp.com,Titan Corp,One Time,4398,89450
aria@solarflaretech.com,SolarFlare Tech,One Time,4104,32450
ella@quantumtech.com,Quantum Tech,Yearly,4265,47670
chloe@zenithenterprises.com,Zenith Enterprises,Monthly,4183,47670
oliver@solarflaretech.com,SolarFlare Tech,Yearly,4364,21900
charlotte@skyboundventures.com,Skybound Ventures,One Time,4357,67890
aiden@pinnaclesystems.com,Pinnacle Systems,Quaterly,4438,63510
sophia@bluewavetechnologies.com,Blue Wave Technologies,Yearly,4047,94260
liam@visionaryventures.com,Visionary Ventures,Every Two Month,4400,94260
liam@titancorp.com,Titan Corp,Yearly,4026,52780
grace@pinnaclesystems.com,Pinnacle Systems,One Time,4236,58230
jacob@velocityventures.com,Velocity Ventures,Weekly Twice,4347,21900
sebastian@globaledgesolutions.com,Global Edge Solutions,Weekly Thrice,4095,58230
mason@infinitehorizons.com,Infinite Horizons,Weekly Twice,4073,526
liam@bluewavetechnologies.com,Blue Wave Technologies,Weekly Thrice,4342,32450
mia@solarflaretech.com,SolarFlare Tech,Yearly,4018,47670
scarlett@visionaryventures.com,Visionary Ventures,Weekly Thrice,4024,526
mason@visionaryventures.com,Visionary Ventures,Monthly Twice,4238,47670
daniel@stellarnetworks.com,Stellar Networks,Weekly Twice,4436,58230
noah@nexusindustries.com,Nexus Industries,Weekly Twice,4199,39840
lily@horizondynamics.com,Horizon Dynamics,Monthly,4049,63510
hannah@quantumtech.com,Quantum Tech,Quaterly,4192,21900
mia@globaledgesolutions.com,Global Edge Solutions,One Time,4269,67890
evelyn@fusionenterprises.com,Fusion Enterprises,Weekly Thrice,4160,47670
alexander@globaledgesolutions.com,Global Edge Solutions,Weekly Thrice,4330,67890
liam@horizondynamics.com,Horizon Dynamics,Daily,4368,526
william@radiantventures.com,Radiant Ventures,Every Two Month,4029,526
jackson@horizondynamics.com,Horizon Dynamics,Weekly Twice,4148,526
henry@solarflaretech.com,SolarFlare Tech,Weekly Twice,4307,63510
abigail@zenithenterprises.com,Zenith Enterprises,Quaterly,4166,47670
henry@stellarnetworks.com,Stellar Networks,Quaterly,4350,526
evelyn@vertexinnovations.com,Vertex Innovations,Daily,4358,47670
scarlett@brightfutureenterprises.com,Bright Future Enterprises,Quaterly,4288,47670
alexander@vertexinnovations.com,Vertex Innovations,Monthly Twice,4444,39840
benjamin@solarflaretech.com,SolarFlare Tech,Weekly Thrice,4257,52780
benjamin@cascadedynamics.com,Cascade Dynamics,Half Yearly,4062,526
daniel@nexusindustries.com,Nexus Industries,Every Two Month,4075,89450
matthew@globaledgesolutions.com,Global Edge Solutions,Half Yearly,4496,39840
william@solarflaretech.com,SolarFlare Tech,One Time,4315,52780
abigail@brightfutureenterprises.com,Bright Future Enterprises,Daily,4050,21900
matthew@nextgensolutions.com,NextGen Solutions,Monthly,4348,526
elijah@stellarnetworks.com,Stellar Networks,Half Yearly,4492,63510
henry@velocityventures.com,Velocity Ventures,Daily,4466,52780
liam@zenithenterprises.com,Zenith Enterprises,Weekly Thrice,4068,47670
aria@infinitehorizons.com,Infinite Horizons,One Time,4260,74320
benjamin@omnitechindustries.com,OmniTech Industries,Quaterly,4252,74320
elijah@globaledgesolutions.com,Global Edge Solutions,Daily,4363,94260
olivia@nextgensolutions.com,NextGen Solutions,Weekly Thrice,4064,47670
emma@titancorp.com,Titan Corp,Monthly Twice,4174,526
william@omnitechindustries.com,OmniTech Industries,Yearly,4233,63510
alexander@alphaomegaco..com,Alpha Omega Co.,Yearly,4083,58230
mia@zenithenterprises.com,Zenith Enterprises,Monthly Twice,4021,52780
grace@omnitechindustries.com,OmniTech Industries,Weekly Thrice,4264,526
matthew@stellarnetworks.com,Stellar Networks,Half Yearly,4116,94260
matthew@globaledgesolutions.com,Global Edge Solutions,Weekly Twice,4385,67890
mia@bluewavetechnologies.com,Blue Wave Technologies,One Time,4424,67890
william@stratosphereenterprises.com,Stratosphere Enterprises,Every Two Month,4326,63510
evelyn@fusionenterprises.com,Fusion Enterprises,Daily,4321,94260
grace@alphaomegaco..com,Alpha Omega Co.,Monthly,4059,94260
ella@nextgensolutions.com,NextGen Solutions,Quaterly,4369,526
michael@skyboundventures.com,Skybound Ventures,Monthly,4135,52780
jackson@quantumtech.com,Quantum Tech,Daily,4292,47670
michael@velocityventures.com,Velocity Ventures,Every Two Month,4009,21900
alexander@nexusindustries.com,Nexus Industries,Weekly Twice,4191,47670
mason@nextgensolutions.com,NextGen Solutions,Monthly Twice,4278,58230
charlotte@globaledgesolutions.com,Global Edge Solutions,Monthly Twice,4309,526
zoey@quantumtech.com,Quantum Tech,Monthly,4482,526
grace@pinnaclesystems.com,Pinnacle Systems,Quaterly,4042,45120
grace@stellarnetworks.com,Stellar Networks,Every Two Month,4100,52780
chloe@alphaomegaco..com,Alpha Omega Co.,Weekly Thrice,4250,63510
james@stratosphereenterprises.com,Stratosphere Enterprises,Monthly,4133,67890
alexander@summitinnovations.com,Summit Innovations,Monthly,4178,52780
amelia@nextgensolutions.com,NextGen Solutions,Quaterly,4229,52780
oliver@stratosphereenterprises.com,Stratosphere Enterprises,Every Two Month,4203,39840
mia@alphaomegaco..com,Alpha Omega Co.,Daily,4187,21900
jackson@zenithenterprises.com,Zenith Enterprises,Weekly Twice,4060,21900
james@velocityventures.com,Velocity Ventures,Monthly Twice,4328,52780
jacob@pinnaclesystems.com,Pinnacle Systems,Monthly Twice,4221,47670
olivia@cascadedynamics.com,Cascade Dynamics,Monthly,4209,526
michael@alphaomegaco..com,Alpha Omega Co.,Daily,4435,45120
lily@infinitehorizons.com,Infinite Horizons,Half Yearly,4214,94260
zoey@titancorp.com,Titan Corp,Yearly,4231,58230
mia@omnitechindustries.com,OmniTech Industries,Half Yearly,4057,74320
mia@fusionenterprises.com,Fusion Enterprises,Yearly,4295,58230
daniel@globaledgesolutions.com,Global Edge Solutions,Every Two Month,4409,63510
grace@apexsolutions.com,Apex Solutions,Weekly Thrice,4425,526
emma@velocityventures.com,Velocity Ventures,Quaterly,4450,52780
matthew@bluewavetechnologies.com,Blue Wave Technologies,Weekly Twice,4017,89450
william@fusionenterprises.com,Fusion Enterprises,Weekly Twice,4251,32450
jackson@cascadedynamics.com,Cascade Dynamics,Half Yearly,4360,74320
aiden@apexsolutions.com,Apex Solutions,Daily,4372,47670
mason@apexsolutions.com,Apex Solutions,One Time,4173,39840
olivia@pinnaclesystems.com,Pinnacle Systems,One Time,4087,89450
jacob@vertexinnovations.com,Vertex Innovations,Half Yearly,4108,94260
aiden@pinnaclesystems.com,Pinnacle Systems,Every Two Month,4334,526
elijah@brightfutureenterprises.com,Bright Future Enterprises,Quaterly,4004,94260
matthew@vertexinnovations.com,Vertex Innovations,Monthly,4300,45120
daniel@apexsolutions.com,Apex Solutions,Weekly Twice,4222,21900
amelia@zenithenterprises.com,Zenith Enterprises,Every Two Month,4255,526
oliver@titancorp.com,Titan Corp,Weekly Twice,4367,32450
grace@solarflaretech.com,SolarFlare Tech,One Time,4387,74320
jacob@omnitechindustries.com,OmniTech Industries,Yearly,4110,63510
jacob@brightfutureenterprises.com,Bright Future Enterprises,Quaterly,4206,63510
william@bluewavetechnologies.com,Blue Wave Technologies,Monthly,4074,89450
charlotte@omnitechindustries.com,OmniTech Industries,Yearly,4089,39840
noah@omnitechindustries.com,OmniTech Industries,Monthly Twice,4475,67890
william@bluewavetechnologies.com,Blue Wave Technologies,Half Yearly,4311,45120
michael@fusionenterprises.com,Fusion Enterprises,Weekly Thrice,4279,89450
emma@alphaomegaco..com,Alpha Omega Co.,Monthly,4448,21900
ava@solarflaretech.com,SolarFlare Tech,Quaterly,4154,63510
harper@visionaryventures.com,Visionary Ventures,Daily,4195,32450
noah@titancorp.com,Titan Corp,Half Yearly,4430,67890
liam@bluewavetechnologies.com,Blue Wave Technologies,Yearly,4397,67890
isabella@fusionenterprises.com,Fusion Enterprises,Every Two Month,4404,94260
sebastian@visionaryventures.com,Visionary Ventures,Monthly Twice,4079,74320
benjamin@visionaryventures.com,Visionary Ventures,Half Yearly,4045,47670
hannah@apexsolutions.com,Apex Solutions,One Time,4272,526
oliver@zenithenterprises.com,Zenith Enterprises,Weekly Thrice,4349,526
ava@nextgensolutions.com,NextGen Solutions,Half Yearly,4411,63510
sophia@pinnaclesystems.com,Pinnacle Systems,Quaterly,4213,58230
oliver@zenithenterprises.com,Zenith Enterprises,Weekly Twice,4462,74320
elijah@velocityventures.com,Velocity Ventures,One Time,4052,58230
grace@stellarnetworks.com,Stellar Networks,Weekly Thrice,4102,32450
aiden@brightfutureenterprises.com,Bright Future Enterprises,Half Yearly,4016,45120
harper@omnitechindustries.com,OmniTech Industries,Weekly Twice,4138,32450
isabella@horizondynamics.com,Horizon Dynamics,Monthly Twice,4290,52780
mason@omnitechindustries.com,OmniTech Industries,Half Yearly,4080,52780
harper@titancorp.com,Titan Corp,Quaterly,4384,52780
william@stratosphereenterprises.com,Stratosphere Enterprises,Quaterly,4382,39840
alexander@bluewavetechnologies.com,Blue Wave Technologies,Weekly Thrice,4366,45120
chloe@radiantventures.com,Radiant Ventures,Yearly,4477,526
grace@globaledgesolutions.com,Global Edge Solutions,Yearly,4388,39840
chloe@nextgensolutions.com,NextGen Solutions,Monthly Twice,4204,52780
aria@stratosphereenterprises.com,Stratosphere Enterprises,Half Yearly,4179,32450
chloe@visionaryventures.com,Visionary Ventures,Half Yearly,4103,52780
alexander@infinitehorizons.com,Infinite Horizons,Quaterly,4281,74320
michael@titancorp.com,Titan Corp,Weekly Twice,4287,47670
charlotte@fusionenterprises.com,Fusion Enterprises,Every Two Month,4198,74320
sophia@cascadedynamics.com,Cascade Dynamics,One Time,4324,58230
isabella@fusionenterprises.com,Fusion Enterprises,Monthly,4457,526
hannah@horizondynamics.com,Horizon Dynamics,Weekly Thrice,4266,39840
sebastian@summitinnovations.com,Summit Innovations,Half Yearly,4027,32450
charlotte@omnitechindustries.com,OmniTech Industries,Weekly Thrice,4112,58230
michael@infinitehorizons.com,Infinite Horizons,Yearly,4105,58230
lily@apexsolutions.com,Apex Solutions,Monthly Twice,4471,94260
lucas@stratosphereenterprises.com,Stratosphere Enterprises,Weekly Twice,4263,74320
olivia@omnitechindustries.com,OmniTech Industries,Half Yearly,4283,67890
matthew@nextgensolutions.com,NextGen Solutions,Weekly Thrice,4097,52780
grace@infinitehorizons.com,Infinite Horizons,Monthly Twice,4193,67890
matthew@fusionenterprises.com,Fusion Enterprises,One Time,4246,67890
chloe@titancorp.com,Titan Corp,Daily,4000,47670
chloe@alphaomegaco..com,Alpha Omega Co.,Monthly Twice,4205,47670
henry@apexsolutions.com,Apex Solutions,Quaterly,4291,526
daniel@bluewavetechnologies.com,Blue Wave Technologies,Half Yearly,4299,21900
jackson@visionaryventures.com,Visionary Ventures,Every Two Month,4044,63510
jackson@infinitehorizons.com,Infinite Horizons,Half Yearly,4242,74320
james@nexusindustries.com,Nexus Industries,Half Yearly,4040,74320
hannah@horizondynamics.com,Horizon Dynamics,Monthly Twice,4365,94260
alexander@solarflaretech.com,SolarFlare Tech,Quaterly,4098,47670
mason@brightfutureenterprises.com,Bright Future Enterprises,Monthly Twice,4149,32450
sophia@pinnaclesystems.com,Pinnacle Systems,Half Yearly,4067,52780
aiden@stellarnetworks.com,Stellar Networks,Daily,4485,45120
emma@apexsolutions.com,Apex Solutions,Quaterly,4483,21900
mia@brightfutureenterprises.com,Bright Future Enterprises,Weekly Twice,4378,45120
chloe@alphaomegaco..com,Alpha Omega Co.,Every Two Month,4167,74320
michael@globaledgesolutions.com,Global Edge Solutions,Monthly,4429,45120
lily@stratosphereenterprises.com,Stratosphere Enterprises,Daily,4405,67890
jacob@bluewavetechnologies.com,Blue Wave Technologies,Daily,4164,526
jackson@velocityventures.com,Velocity Ventures,Yearly,4312,67890
alexander@solarflaretech.com,SolarFlare Tech,Weekly Thrice,4344,94260
ava@nextgensolutions.com,NextGen Solutions,Weekly Twice,4003,63510
abigail@brightfutureenterprises.com,Bright Future Enterprises,One Time,4225,32450
william@cascadedynamics.com,Cascade Dynamics,Monthly,4122,67890
aria@nextgensolutions.com,NextGen Solutions,Half Yearly,4277,47670
sebastian@velocityventures.com,Velocity Ventures,Weekly Twice,4431,21900
lucas@omnitechindustries.com,OmniTech Industries,Weekly Twice,4314,39840
scarlett@infinitehorizons.com,Infinite Horizons,Monthly Twice,4210,21900
ella@titancorp.com,Titan Corp,Weekly Thrice,4159,45120
hannah@globaledgesolutions.com,Global Edge Solutions,Monthly Twice,4470,47670
oliver@apexsolutions.com,Apex Solutions,One Time,4172,94260
benjamin@velocityventures.com,Velocity Ventures,Monthly,4070,89450
zoey@omnitechindustries.com,OmniTech Industries,Every Two Month,4282,74320
isabella@brightfutureenterprises.com,Bright Future Enterprises,Every Two Month,4274,74320
zoey@nexusindustries.com,Nexus Industries,Every Two Month,4132,52780
abigail@globaledgesolutions.com,Global Edge Solutions,Quaterly,4286,58230
charlotte@velocityventures.com,Velocity Ventures,Monthly Twice,4406,45120
noah@nexusindustries.com,Nexus Industries,Every Two Month,4023,45120
zoey@nexusindustries.com,Nexus Industries,Every Two Month,4117,45120
matthew@quantumtech.com,Quantum Tech,Weekly Thrice,4463,94260
lily@zenithenterprises.com,Zenith Enterprises,One Time,4121,39840
michael@solarflaretech.com,SolarFlare Tech,Every Two Month,4351,89450
mason@vertexinnovations.com,Vertex Innovations,Every Two Month,4143,32450
noah@brightfutureenterprises.com,Bright Future Enterprises,Weekly Thrice,4445,89450
noah@omnitechindustries.com,OmniTech Industries,Weekly Twice,4390,67890
aria@horizondynamics.com,Horizon Dynamics,Every Two Month,4420,45120
zoey@velocityventures.com,Velocity Ventures,Monthly Twice,4469,32450
michael@quantumtech.com,Quantum Tech,Monthly,4493,21900
zoey@fusionenterprises.com,Fusion Enterprises,Daily,4428,58230
isabella@infinitehorizons.com,Infinite Horizons,Daily,4479,526
aria@stellarnetworks.com,Stellar Networks,Monthly,4391,21900
isabella@fusionenterprises.com,Fusion Enterprises,Monthly,4333,21900
elijah@bluewavetechnologies.com,Blue Wave Technologies,One Time,4304,45120
william@nexusindustries.com,Nexus Industries,Weekly Twice,4220,63510
aiden@fusionenterprises.com,Fusion Enterprises,Monthly Twice,4113,67890
olivia@nexusindustries.com,Nexus Industries,One Time,4271,52780
olivia@horizondynamics.com,Horizon Dynamics,Every Two Month,4461,58230
grace@omnitechindustries.com,OmniTech Industries,Every Two Month,4392,21900
charlotte@cascadedynamics.com,Cascade Dynamics,Weekly Thrice,4362,39840
chloe@visionaryventures.com,Visionary Ventures,Yearly,4137,89450
michael@zenithenterprises.com,Zenith Enterprises,One Time,4185,74320
lily@solarflaretech.com,SolarFlare Tech,One Time,4381,67890
evelyn@omnitechindustries.com,OmniTech Industries,Monthly,4181,39840
william@skyboundventures.com,Skybound Ventures,Daily,4240,39840
amelia@apexsolutions.com,Apex Solutions,Monthly Twice,4268,63510
matthew@vertexinnovations.com,Vertex Innovations,Quaterly,4038,32450
jacob@pinnaclesystems.com,Pinnacle Systems,Half Yearly,4327,45120
scarlett@titancorp.com,Titan Corp,Monthly Twice,4481,63510
ella@alphaomegaco..com,Alpha Omega Co.,Weekly Twice,4216,63510
ella@omnitechindustries.com,OmniTech Industries,Weekly Twice,4402,47670
james@globaledgesolutions.com,Global Edge Solutions,One Time,4114,47670
emma@cascadedynamics.com,Cascade Dynamics,Half Yearly,4194,526
charlotte@velocityventures.com,Velocity Ventures,One Time,4386,74320
matthew@nextgensolutions.com,NextGen Solutions,Monthly Twice,4170,21900
grace@skyboundventures.com,Skybound Ventures,Daily,4226,526
grace@alphaomegaco..com,Alpha Omega Co.,Yearly,4124,58230
sebastian@stellarnetworks.com,Stellar Networks,Quaterly,4182,74320
sebastian@fusionenterprises.com,Fusion Enterprises,Weekly Twice,4376,39840
oliver@visionaryventures.com,Visionary Ventures,One Time,4454,58230
abigail@stratosphereenterprises.com,Stratosphere Enterprises,Daily,4418,526
grace@stellarnetworks.com,Stellar Networks,Daily,4325,526
alexander@infinitehorizons.com,Infinite Horizons,One Time,4455,67890
henry@quantumtech.com,Quantum Tech,Quaterly,4373,32450
hannah@visionaryventures.com,Visionary Ventures,Weekly Thrice,4393,67890
ella@vertexinnovations.com,Vertex Innovations,Quaterly,4380,94260
aiden@summitinnovations.com,Summit Innovations,Half Yearly,4303,74320
isabella@alphaomegaco..com,Alpha Omega Co.,Yearly,4176,45120
sophia@titancorp.com,Titan Corp,Quaterly,4019,74320
matthew@horizondynamics.com,Horizon Dynamics,Yearly,4152,94260
isabella@zenithenterprises.com,Zenith Enterprises,Yearly,4432,58230
abigail@vertexinnovations.com,Vertex Innovations,Monthly,4476,94260
